{
	"info": {
		"_postman_id": "3addbaef-2e19-4cc1-b18a-0348e492a6d7",
		"name": "Support Ticket",
		"schema": "https://schema.getpostman.com/json/collection/v2.1.0/collection.json",
		"_exporter_id": "1968927"
	},
	"item": [
		{
			"name": "CREATE TICKET",
			"request": {
				"method": "POST",
				"header": [],
				"body": {
					"mode": "raw",
					"raw": "{\n    \"ticket_title\":\"ti\",\n    \"ticket_msg\":\" Lorem \",\n    \"user_id\": \"2.5\"\n}",
					"options": {
						"raw": {
							"language": "json"
						}
					}
				},
				"url": {
					"raw": "127.0.0.1:8000/ticket/create",
					"host": [
						"127",
						"0",
						"0",
						"1"
					],
					"port": "8000",
					"path": [
						"ticket",
						"create"
					]
				}
			},
			"response": [
				{
					"name": "CREATE TICKET - success",
					"originalRequest": {
						"method": "POST",
						"header": [],
						"body": {
							"mode": "raw",
							"raw": "{\n    \"ticket_title\":\"ticket number three\",\n    \"ticket_msg\":\" Lorem Ipsum Lorem Ipsum Lorem Ipsum Lorem Ipsum Lorem Ipsum Lorem Ipsum Lorem Ipsum Lorem Ipsum Lorem Ipsum Lorem Ipsum Lorem Ipsum Lorem Ipsum\",\n    \"user_id\": \"5\"\n}",
							"options": {
								"raw": {
									"language": "json"
								}
							}
						},
						"url": {
							"raw": "127.0.0.1:8000/ticket/create",
							"host": [
								"127",
								"0",
								"0",
								"1"
							],
							"port": "8000",
							"path": [
								"ticket",
								"create"
							]
						}
					},
					"_postman_previewlanguage": null,
					"header": null,
					"cookie": [],
					"body": null
				},
				{
					"name": "CREATE TICKET - error user_id",
					"originalRequest": {
						"method": "POST",
						"header": [],
						"body": {
							"mode": "raw",
							"raw": "{\n    \"ticket_title\":\"ticket number three\",\n    \"ticket_msg\":\" Lorem Ipsum Lorem Ipsum Lorem Ipsum Lorem Ipsum Lorem Ipsum Lorem Ipsum Lorem Ipsum Lorem Ipsum Lorem Ipsum Lorem Ipsum Lorem Ipsum Lorem Ipsum\",\n    \"user_id\": \"2.5\"\n}",
							"options": {
								"raw": {
									"language": "json"
								}
							}
						},
						"url": {
							"raw": "127.0.0.1:8000/ticket/create",
							"host": [
								"127",
								"0",
								"0",
								"1"
							],
							"port": "8000",
							"path": [
								"ticket",
								"create"
							]
						}
					},
					"_postman_previewlanguage": null,
					"header": null,
					"cookie": [],
					"body": null
				},
				{
					"name": "CREATE TICKET - validation",
					"originalRequest": {
						"method": "POST",
						"header": [],
						"body": {
							"mode": "raw",
							"raw": "{\n    \"ticket_title\":\"ti\",\n    \"ticket_msg\":\" Lorem \",\n    \"user_id\": \"2.5\"\n}",
							"options": {
								"raw": {
									"language": "json"
								}
							}
						},
						"url": {
							"raw": "127.0.0.1:8000/ticket/create",
							"host": [
								"127",
								"0",
								"0",
								"1"
							],
							"port": "8000",
							"path": [
								"ticket",
								"create"
							]
						}
					},
					"_postman_previewlanguage": null,
					"header": null,
					"cookie": [],
					"body": null
				}
			]
		},
		{
			"name": "UPDATE TICKET",
			"request": {
				"method": "PUT",
				"header": [],
				"body": {
					"mode": "raw",
					"raw": "{\n    \"status\":\"cld\",\n    \"id\":\"ad4277c5-8752-4a4c-951e-30cd4011491e\"\n}",
					"options": {
						"raw": {
							"language": "json"
						}
					}
				},
				"url": {
					"raw": "127.0.0.1:8000/ticket",
					"host": [
						"127",
						"0",
						"0",
						"1"
					],
					"port": "8000",
					"path": [
						"ticket"
					]
				}
			},
			"response": []
		},
		{
			"name": "GET TICKET",
			"request": {
				"method": "GET",
				"header": [],
				"url": {
					"raw": "127.0.0.1:8000/ticket/bd2d5682-250a-40e7-85a2-66c49d634388/find",
					"host": [
						"127",
						"0",
						"0",
						"1"
					],
					"port": "8000",
					"path": [
						"ticket",
						"bd2d5682-250a-40e7-85a2-66c49d634388",
						"find"
					],
					"query": [
						{
							"key": "",
							"value": null,
							"disabled": true
						}
					]
				}
			},
			"response": []
		},
		{
			"name": "GET ALL TICKETS",
			"request": {
				"method": "GET",
				"header": [],
				"url": {
					"raw": "127.0.0.1:8000/ticket?page=1&per_page=5",
					"host": [
						"127",
						"0",
						"0",
						"1"
					],
					"port": "8000",
					"path": [
						"ticket"
					],
					"query": [
						{
							"key": "page",
							"value": "1"
						},
						{
							"key": "per_page",
							"value": "5"
						}
					]
				}
			},
			"response": [
				{
					"name": "GET ALL TICKETS",
					"originalRequest": {
						"method": "GET",
						"header": [],
						"url": {
							"raw": "127.0.0.1:8000/ticket",
							"host": [
								"127",
								"0",
								"0",
								"1"
							],
							"port": "8000",
							"path": [
								"ticket"
							]
						}
					},
					"_postman_previewlanguage": "",
					"header": "",
					"cookie": [],
					"body": ""
				},
				{
					"name": "GET ALL TICKETS - OrderBy",
					"originalRequest": {
						"method": "GET",
						"header": [],
						"url": {
							"raw": "127.0.0.1:8000/ticket?page=1&per_page=10&order_by=user_id&sort_by=desc",
							"host": [
								"127",
								"0",
								"0",
								"1"
							],
							"port": "8000",
							"path": [
								"ticket"
							],
							"query": [
								{
									"key": "page",
									"value": "1"
								},
								{
									"key": "per_page",
									"value": "10"
								},
								{
									"key": "order_by",
									"value": "user_id"
								},
								{
									"key": "sort_by",
									"value": "desc"
								}
							]
						}
					},
					"_postman_previewlanguage": null,
					"header": null,
					"cookie": [],
					"body": null
				},
				{
					"name": "GET ALL TICKETS - Filter",
					"originalRequest": {
						"method": "GET",
						"header": [],
						"url": {
							"raw": "127.0.0.1:8000/ticket?filter_name=status_code&filter_type==&filter_value=opn",
							"host": [
								"127",
								"0",
								"0",
								"1"
							],
							"port": "8000",
							"path": [
								"ticket"
							],
							"query": [
								{
									"key": "filter_name",
									"value": "status_code"
								},
								{
									"key": "filter_type",
									"value": "="
								},
								{
									"key": "filter_value",
									"value": "opn"
								}
							]
						}
					},
					"_postman_previewlanguage": null,
					"header": null,
					"cookie": [],
					"body": null
				},
				{
					"name": "GET ALL TICKETS - Filter - Created_at",
					"originalRequest": {
						"method": "GET",
						"header": [],
						"url": {
							"raw": "127.0.0.1:8000/ticket?filter_name=created_at&filter_type=<&filter_value=2024-11-16 12:03:26",
							"host": [
								"127",
								"0",
								"0",
								"1"
							],
							"port": "8000",
							"path": [
								"ticket"
							],
							"query": [
								{
									"key": "filter_name",
									"value": "created_at"
								},
								{
									"key": "filter_type",
									"value": "<"
								},
								{
									"key": "filter_value",
									"value": "2024-11-16 12:03:26"
								}
							]
						}
					},
					"_postman_previewlanguage": null,
					"header": null,
					"cookie": [],
					"body": null
				},
				{
					"name": "GET ALL TICKETS - page_size",
					"originalRequest": {
						"method": "GET",
						"header": [],
						"url": {
							"raw": "127.0.0.1:8000/ticket?page=1&per_page=5",
							"host": [
								"127",
								"0",
								"0",
								"1"
							],
							"port": "8000",
							"path": [
								"ticket"
							],
							"query": [
								{
									"key": "page",
									"value": "1"
								},
								{
									"key": "per_page",
									"value": "5"
								}
							]
						}
					},
					"_postman_previewlanguage": null,
					"header": null,
					"cookie": [],
					"body": null
				}
			]
		}
	]
}